{"text": " Hello, who is the wife of the president of the America?", "segments": [{"id": 0, "seek": 0, "start": 0.0, "end": 7.0, "text": " Hello, who is the wife of the president of the America?", "tokens": [50364, 2425, 11, 567, 307, 264, 3836, 295, 264, 3868, 295, 264, 3374, 30, 50714], "temperature": 0.0, "avg_logprob": -0.5246888399124146, "compression_ratio": 1.0377358490566038, "no_speech_prob": 0.1787000298500061}], "language": "en"}