{"text": " hello what is my name please tell me I am under the water", "segments": [{"id": 0, "seek": 0, "start": 0.0, "end": 6.0, "text": " hello what is my name please tell me I am under the water", "tokens": [50364, 7751, 437, 307, 452, 1315, 1767, 980, 385, 286, 669, 833, 264, 1281, 50664], "temperature": 0.0, "avg_logprob": -0.4849889278411865, "compression_ratio": 0.9661016949152542, "no_speech_prob": 0.12831145524978638}], "language": "en"}